{
    "pos": [
        1.591995807364583,
        1.7000000000000002,
        -2.9408414552919533
    ],
    "rot": [
        0.3333333333333333,
        3.7999999999999963,
        0.0
    ],
    "near": 0.1,
    "far": 7,
    "fov": 70,
    "exposure": 0.5,
    "functions": [
        {
            "name": "Function 1",
            "prob": 0.619,
            "colour": [
                0.454672869796648,
                1.0,
                0.1135589259416181
            ],
            "pre_trans": [
                [
                    1,
                    0,
                    0,
                    0
                ],
                [
                    0,
                    1,
                    0,
                    0
                ],
                [
                    0.0,
                    0.0,
                    1.0,
                    0.0
                ]
            ],
            "post_trans": [
                [
                    1.0,
                    0.0,
                    0.0,
                    0.0
                ],
                [
                    0.0,
                    1.0,
                    0.0,
                    0.0
                ],
                [
                    0,
                    0,
                    1,
                    0.0
                ]
            ],
            "variations": [
                {
                    "name": "Linear",
                    "base": "RETURN(coord * weight)",
                    "internal_vars": [],
                    "params": {
                        "weight": 1
                    }
                }
            ]
        }
    ]
}