{
    "pos": [
        1.591995807364583,
        1.7000000000000002,
        -2.9408414552919533
    ],
    "rot": [
        0.3333333333333333,
        3.7999999999999963,
        0.0
    ],
    "near": 0.1,
    "far": 8,
    "fov": 70,
    "exposure": 0.5,
    "functions": [
        {
            "name": "Function 1",
            "prob": 0.542,
            "colour": [
                0.454672869796648,
                1.0,
                0.1135589259416181,
                0.5
            ],
            "pre_trans": [
                [
                    0.3274,
                    -0.3001,
                    0.0,
                    -0.24
                ],
                [
                    0.3001,
                    0.3274,
                    0.0,
                    -0.34
                ],
                [
                    0.0,
                    0.0,
                    1.0,
                    0.0
                ]
            ],
            "post_trans": [
                [
                    1,
                    0,
                    0,
                    0
                ],
                [
                    0,
                    1,
                    0,
                    0
                ],
                [
                    0,
                    0,
                    1,
                    0
                ]
            ],
            "variations": [
                {
                    "name": "Spherical",
                    "base": "RETURN(coord / radius2 * weight)",
                    "params": {
                        "weight": 1.0
                    },
                    "images": {}
                }
            ]
        },
        {
            "name": "Function 2",
            "prob": 0.339,
            "colour": [
                1.0,
                0.2891945101193685,
                0.5640226016959333,
                0.5
            ],
            "pre_trans": [
                [
                    0.3541,
                    0.5569,
                    0.0,
                    -0.18
                ],
                [
                    -0.5569,
                    0.3541,
                    0.0,
                    0.62
                ],
                [
                    0.0,
                    0.0,
                    1.0,
                    0.0
                ]
            ],
            "post_trans": [
                [
                    1,
                    0,
                    0,
                    0
                ],
                [
                    0,
                    1,
                    0,
                    0
                ],
                [
                    0,
                    0,
                    1,
                    0
                ]
            ],
            "variations": [
                {
                    "name": "Linear",
                    "base": "RETURN(coord * weight)",
                    "params": {
                        "weight": 1.0
                    },
                    "images": {}
                }
            ]
        },
        {
            "name": "Function 3",
            "prob": 0.119,
            "colour": [
                0.0,
                0.6529851191114862,
                1.0,
                0.5
            ],
            "pre_trans": [
                [
                    -1.1302,
                    -0.509,
                    0.0,
                    0.2
                ],
                [
                    0.509,
                    -1.1302,
                    0.0,
                    0.62
                ],
                [
                    0.0,
                    0.0,
                    1.0,
                    0.0
                ]
            ],
            "post_trans": [
                [
                    0.1424,
                    -0.9108,
                    0.0,
                    -1.88
                ],
                [
                    0.9108,
                    0.1424,
                    0.0,
                    1.88
                ],
                [
                    0.0,
                    0.0,
                    1.0,
                    0.0
                ]
            ],
            "variations": [
                {
                    "name": "Spherical",
                    "base": "RETURN(coord / radius2 * weight)",
                    "params": {
                        "weight": 1.0
                    },
                    "images": {}
                }
            ]
        }
    ]
}