{
    "pos": [
        -1.38,
        1.1,
        0.758
    ],
    "rot": [
        0.3,
        1.3,
        0
    ],
    "near": 0.1,
    "far": 5,
    "fov": 70,
    "exposure": 1,
    "functions": [
        {
            "name": "Point 1",
            "prob": 0.25,
            "colour": [
                0.9999847412109375,
                0.0,
                0.0
            ],
            "pre_trans": [
                [
                    0.5,
                    0.0,
                    0.0,
                    0.5
                ],
                [
                    0.0,
                    0.5,
                    0.0,
                    0.0
                ],
                [
                    0.0,
                    0.0,
                    0.5,
                    0.0
                ]
            ],
            "post_trans": [
                [
                    1.0,
                    0.0,
                    0.0,
                    0.0
                ],
                [
                    0.0,
                    1.0,
                    0.0,
                    0.0
                ],
                [
                    0.0,
                    0.0,
                    1.0,
                    0.0
                ]
            ],
            "variations": [
                {
                    "name": "Linear",
                    "base": "RETURN(coord * weight)",
                    "internal_vars": [],
                    "params": {
                        "weight": 1.0
                    }
                }
            ]
        },
        {
            "name": "Point 2",
            "prob": 0.25,
            "colour": [
                0.0,
                0.9999847412109375,
                0.0
            ],
            "pre_trans": [
                [
                    0.5,
                    0.0,
                    0.0,
                    0.0
                ],
                [
                    0.0,
                    0.5,
                    0.0,
                    0.0
                ],
                [
                    0.0,
                    0.0,
                    0.5,
                    0.0
                ]
            ],
            "post_trans": [
                [
                    1.0,
                    0.0,
                    0.0,
                    0.0
                ],
                [
                    0.0,
                    1.0,
                    0.0,
                    0.0
                ],
                [
                    0.0,
                    0.0,
                    1.0,
                    0.0
                ]
            ],
            "variations": [
                {
                    "name": "Linear",
                    "base": "RETURN(coord * weight)",
                    "internal_vars": [],
                    "params": {
                        "weight": 1.0
                    }
                }
            ]
        },
        {
            "name": "Point 3",
            "prob": 0.25,
            "colour": [
                0.0,
                0.0,
                0.9999847412109375
            ],
            "pre_trans": [
                [
                    0.5,
                    0.0,
                    0.0,
                    0.25
                ],
                [
                    0.0,
                    0.5,
                    0.0,
                    0.5
                ],
                [
                    0.0,
                    0.0,
                    0.5,
                    0.0
                ]
            ],
            "post_trans": [
                [
                    1.0,
                    0.0,
                    0.0,
                    0.0
                ],
                [
                    0.0,
                    1.0,
                    0.0,
                    0.0
                ],
                [
                    0.0,
                    0.0,
                    1.0,
                    0.0
                ]
            ],
            "variations": [
                {
                    "name": "Linear",
                    "base": "RETURN(coord * weight)",
                    "internal_vars": [],
                    "params": {
                        "weight": 1.0
                    }
                }
            ]
        },
        {
            "name": "Point 4",
            "prob": 0.25,
            "colour": [
                1,
                1,
                1
            ],
            "pre_trans": [
                [
                    0.5,
                    0.0,
                    0.0,
                    0.25
                ],
                [
                    0.0,
                    0.5,
                    0.0,
                    0.25
                ],
                [
                    0.0,
                    0.0,
                    0.5,
                    0.5
                ]
            ],
            "post_trans": [
                [
                    1.0,
                    0.0,
                    0.0,
                    0.0
                ],
                [
                    0.0,
                    1.0,
                    0.0,
                    0.0
                ],
                [
                    0.0,
                    0.0,
                    1.0,
                    0.0
                ]
            ],
            "variations": [
                {
                    "name": "Linear",
                    "base": "RETURN(coord * weight)",
                    "internal_vars": [],
                    "params": {
                        "weight": 1.0
                    }
                }
            ]
        }
    ]
}